Date,Daily Mean PM2.5 Concentration,temp,visibility,winddir,windspeed,precip,solarradiation,cloudcover,humidity
2013-06-01,9.4,13.9,23.3,32.9,27.6,4.762,236.9,90.9,76.7
2013-06-02,7.3,14.0,18.7,211.7,22.1,0.022,206.5,85.4,88.6
2013-06-03,2.6,17.7,22.1,207.0,27.5,1.978,221.5,80.6,88.7
2013-06-04,2.7,15.4,20.3,239.2,30.8,1.779,249.8,73.9,78.0
2013-06-05,3.2,11.8,24.0,308.3,25.8,0.0,322.5,27.6,63.5
2013-06-06,4.9,12.1,24.0,240.0,20.3,0.0,320.4,63.2,55.5
2013-06-07,-0.4,14.6,24.0,179.2,27.0,0.0,235.5,91.3,61.9
2013-06-08,4.6,10.7,11.4,102.7,38.6,38.148,95.0,99.9,88.6
2013-06-09,10.4,9.4,15.2,4.7,27.5,0.672,165.2,95.2,90.6
2013-06-10,8.0,13.8,24.0,231.9,21.6,0.023,351.6,77.6,76.4
2013-06-11,6.2,16.0,24.0,211.6,22.0,0.879,141.9,81.0,73.3
2013-06-12,2.8,12.8,20.7,68.3,24.0,5.684,112.0,100.0,89.9
2013-06-13,3.8,10.0,22.3,26.2,44.1,6.592,91.3,93.6,86.1
2013-06-14,5.8,10.9,24.0,53.8,11.2,0.345,168.4,95.0,87.0
2013-06-15,12.3,14.0,14.0,247.4,20.4,0.0,353.0,51.6,76.5
2013-06-16,11.6,15.2,24.0,264.0,22.0,0.0,317.7,63.8,54.7
2013-06-17,13.1,15.6,23.5,155.9,16.4,1.515,247.1,84.0,82.6
2013-06-18,10.0,17.7,24.0,242.5,32.7,0.173,298.5,68.7,70.6
2013-06-19,4.7,13.7,24.0,346.6,20.3,0.368,324.0,61.1,77.4
2013-06-20,6.2,16.9,24.0,242.2,20.2,0.0,361.1,28.5,58.0
2013-06-21,7.4,17.2,24.0,222.4,24.0,2.14,302.9,82.8,68.6
2013-06-22,6.3,17.9,24.0,230.8,23.9,0.0,288.2,50.7,66.1
2013-06-23,7.4,19.9,22.7,233.8,22.1,0.838,294.4,70.2,75.0
2013-06-24,12.8,19.5,18.4,222.0,18.2,6.975,301.5,89.1,87.0
2013-06-25,17.3,21.5,22.5,278.9,20.0,0.0,246.8,90.4,81.6
2013-06-26,11.2,13.4,14.1,12.5,29.1,0.009,135.9,99.0,92.2
2013-06-27,11.4,12.8,16.9,18.8,23.6,1.067,228.4,99.0,92.8
2013-06-28,6.9,13.0,20.6,87.1,22.3,7.163,128.1,99.3,93.4
2013-06-29,10.1,19.4,24.0,169.0,34.6,5.961,218.5,98.5,91.7
2013-06-30,8.0,20.4,24.0,202.1,31.1,4.782,207.8,94.6,88.7
2013-07-01,3.6,20.6,24.0,235.0,22.1,0.016,261.9,95.1,88.6
2013-07-02,6.6,16.7,24.0,30.9,20.8,0.001,155.2,94.4,67.1
2013-07-03,6.0,17.7,20.8,192.2,14.8,0.344,236.1,90.7,81.6
2013-07-04,6.9,23.1,20.7,248.5,22.4,0.0,331.1,67.9,73.9
2013-07-05,7.0,25.5,24.0,244.7,23.5,0.0,325.5,62.5,69.0
2013-07-06,8.5,25.1,23.9,249.4,20.5,0.0,264.5,55.0,69.5
2013-07-07,4.9,23.1,22.1,292.9,18.3,13.647,307.1,52.6,75.0
2013-07-08,7.9,17.7,23.5,14.3,18.0,0.0,242.0,84.9,73.1
2013-07-09,17.6,15.9,24.0,72.1,15.5,0.001,224.4,72.2,72.1
2013-07-10,14.1,18.4,24.0,155.0,32.9,0.0,275.2,77.1,68.8
2013-07-11,8.4,21.0,22.5,181.5,28.4,3.965,197.2,95.8,89.4
2013-07-12,5.7,19.0,23.8,352.6,20.5,0.0,319.2,67.7,73.2
2013-07-13,5.1,18.3,21.1,207.2,14.5,0.041,359.6,58.4,70.8
2013-07-14,10.1,23.7,24.0,244.8,19.9,0.0,321.7,53.4,61.7
2013-07-15,11.7,25.8,24.0,246.7,20.5,0.0,333.0,42.7,59.3
2013-07-16,9.6,20.3,24.0,22.5,33.2,0.0,327.9,66.8,66.2
2013-07-17,16.1,18.4,23.6,201.5,29.3,0.041,293.4,58.7,66.9
2013-07-18,19.4,20.1,23.5,278.7,26.2,4.27,302.2,65.1,76.5
2013-07-19,26.8,17.3,22.6,162.4,31.2,1.016,173.3,81.6,84.1
2013-07-20,15.9,24.6,21.8,236.0,31.5,0.003,257.0,63.8,74.2
2013-07-21,9.2,18.9,24.0,290.3,20.4,0.0,342.7,60.2,66.7
2013-07-22,10.0,19.3,24.0,230.4,16.5,0.0,304.0,48.6,62.6
2013-07-23,6.5,18.9,19.7,150.8,29.1,23.733,141.8,79.9,72.9
2013-07-24,6.2,22.3,22.9,207.2,29.0,14.656,224.3,88.5,87.0
2013-07-25,1.9,18.1,23.3,2.7,20.4,0.003,173.0,84.5,85.9
2013-07-26,6.8,21.6,14.9,140.9,24.7,16.628,173.2,94.6,89.8
2013-07-27,7.2,20.7,20.7,186.3,43.3,0.428,244.0,93.0,87.2
2013-07-28,4.9,16.3,23.5,324.6,20.2,0.386,222.5,94.9,87.9
2013-07-29,6.0,18.4,22.2,141.3,29.1,0.886,189.8,93.3,92.2
2013-07-30,7.7,21.2,20.2,193.0,18.1,0.015,144.2,93.0,89.2
2013-07-31,5.6,20.5,22.8,240.2,20.2,0.919,323.6,39.8,76.8
2013-08-01,10.1,21.3,24.0,216.4,17.8,0.0,256.6,61.5,70.2
2013-08-02,7.8,19.7,23.8,181.2,22.7,0.0,195.9,78.7,79.9
2013-08-03,12.2,20.0,22.3,215.0,24.4,3.197,281.9,78.9,83.9
2013-08-04,3.8,19.4,23.0,226.2,18.0,0.0,310.0,39.8,77.9
2013-08-05,3.1,17.3,24.0,251.6,16.3,12.053,260.6,61.7,87.1
2013-08-06,5.5,18.0,23.4,252.0,20.0,0.172,308.2,64.4,77.2
2013-08-07,2.8,19.6,24.0,216.0,20.0,0.0,316.3,25.2,70.0
2013-08-08,5.1,19.5,24.0,201.4,20.3,0.085,253.7,67.8,70.0
2013-08-09,9.0,19.9,21.7,183.1,25.5,15.996,141.2,97.8,87.9
2013-08-10,7.1,21.0,20.0,207.8,33.0,11.601,252.8,78.2,80.7
2013-08-11,3.2,18.7,24.0,261.9,30.4,0.0,316.1,20.4,61.8
2013-08-12,11.2,19.5,24.0,232.5,27.1,0.156,296.3,38.6,69.8
2013-08-13,10.9,19.8,24.0,198.3,28.7,0.0,259.0,64.5,73.7
2013-08-14,2.4,20.0,20.6,171.8,20.1,5.115,138.7,87.0,87.4
2013-08-15,3.7,18.1,22.4,250.8,29.2,0.0,305.2,28.9,70.4
2013-08-16,7.8,19.2,24.0,205.8,20.3,0.0,264.7,43.1,73.6
2013-08-17,8.3,17.8,24.0,271.3,17.8,0.0,238.9,39.0,78.5
2013-08-18,9.0,19.1,24.0,236.4,27.4,0.108,301.3,33.2,69.7
2013-08-19,12.2,19.8,24.0,245.3,29.5,0.053,269.6,36.7,75.9
2013-08-20,14.1,17.2,24.0,54.1,18.3,0.0,217.8,70.4,85.2
2013-08-21,18.8,21.3,24.0,198.7,27.4,0.0,274.9,60.1,76.0
2013-08-22,10.5,23.2,24.0,219.8,33.3,0.0,261.0,38.3,68.4
2013-08-23,7.0,18.0,22.5,313.0,23.9,1.837,166.6,82.3,82.3
2013-08-24,3.9,14.6,24.0,333.7,23.9,0.0,285.2,40.9,71.9
2013-08-25,5.3,15.8,24.0,164.0,14.3,0.272,291.7,23.8,73.6
2013-08-26,11.9,17.8,24.0,198.5,22.0,0.246,96.3,80.2,76.3
2013-08-27,9.2,18.9,23.7,218.7,16.6,0.859,205.6,94.4,88.8
2013-08-28,15.7,18.9,18.0,19.2,27.1,0.0,235.8,84.7,88.7
2013-08-29,8.1,16.3,22.6,38.8,33.3,0.0,74.1,100.0,86.4
2013-08-30,11.7,14.6,17.9,355.2,36.6,5.04,179.4,85.1,88.9
2013-08-31,12.2,17.5,24.0,192.3,16.5,0.0,253.5,58.7,78.0
2014-06-01,4.5,10.9,20.2,13.1,19.7,0.0,350.2,68.6,71.1
2014-06-02,7.2,15.8,24.0,193.3,25.7,0.0,212.4,68.4,53.9
2014-06-03,12.3,17.2,24.0,155.7,21.9,0.0,310.8,74.2,54.3
2014-06-04,10.4,17.1,21.5,151.0,25.3,0.0,253.8,85.0,84.0
2014-06-05,3.4,17.7,23.8,173.6,16.1,0.034,248.6,88.8,80.4
2014-06-06,3.7,14.1,12.6,134.2,27.6,14.003,202.0,96.9,94.6
2014-06-07,3.3,9.0,11.7,339.8,32.2,1.85,102.1,95.8,95.0
2014-06-08,5.6,11.2,24.0,342.2,22.1,0.0,361.2,44.1,72.1
2014-06-09,7.2,14.0,23.6,165.1,20.1,0.001,299.5,54.3,69.3
2014-06-10,6.5,13.0,24.0,3.0,25.6,0.0,252.0,83.8,75.3
2014-06-11,2.2,13.8,24.0,338.3,20.4,0.0,369.9,28.9,58.7
2014-06-12,4.6,12.3,24.0,123.2,16.3,0.0,336.5,54.3,68.8
2014-06-13,1.0,15.0,24.0,159.0,17.9,0.726,290.0,84.3,76.4
2014-06-14,5.7,14.1,23.6,145.7,29.5,2.818,148.7,96.9,84.3
2014-06-15,4.7,14.0,10.9,138.1,20.5,15.228,105.1,98.1,95.6
2014-06-16,5.1,11.0,14.3,350.4,31.7,2.703,243.1,82.7,86.4
2014-06-17,18.3,16.5,24.0,231.5,17.9,0.0,350.9,65.7,58.7
2014-06-18,9.3,13.7,16.7,151.7,31.6,20.937,95.9,91.2,85.0
2014-06-19,6.4,13.0,19.0,321.1,20.3,1.448,245.0,84.0,91.2
2014-06-20,2.8,10.1,23.3,304.7,22.6,8.493,219.2,88.5,87.9
2014-06-21,1.5,10.5,22.7,321.4,25.7,3.737,181.6,89.1,86.2
2014-06-22,4.6,14.1,24.0,338.4,13.2,0.0,259.2,79.2,76.8
2014-06-23,4.6,16.7,24.0,184.9,16.2,0.0,364.7,29.6,71.9
2014-06-24,2.2,18.7,24.0,209.1,29.4,0.0,246.8,69.2,60.3
2014-06-25,4.4,15.4,17.2,214.6,23.8,2.293,123.7,99.5,90.0
2014-06-26,4.2,12.1,12.0,28.0,23.7,10.817,111.1,99.4,96.9
2014-06-27,2.3,14.1,13.6,7.2,22.1,0.529,366.0,64.3,83.7
2014-06-28,4.9,18.8,24.0,209.9,14.0,0.036,357.7,6.1,64.1
2014-06-29,1.7,21.2,24.0,192.9,13.7,0.001,353.8,7.9,56.7
2014-06-30,2.7,22.8,24.0,235.2,21.9,0.0,321.5,48.1,62.4
2014-07-01,5.4,22.5,24.0,226.3,27.0,0.0,316.0,68.8,75.1
2014-07-02,7.2,23.1,23.6,217.8,33.2,0.0,289.2,68.3,79.5
2014-07-03,10.0,24.2,24.0,200.2,29.3,0.0,295.0,66.5,78.2
2014-07-04,3.1,24.2,24.0,193.2,34.5,0.017,331.9,64.5,77.7
2014-07-05,2.2,18.7,20.1,162.6,75.2,1.734,230.8,92.8,84.6
2014-07-06,6.6,17.3,21.3,260.9,38.8,11.559,333.7,86.1,74.4
2014-07-07,11.9,20.4,23.8,226.4,28.8,0.009,282.8,93.6,72.1
2014-07-08,13.6,21.0,22.4,204.7,32.8,2.447,242.4,93.0,81.6
2014-07-09,7.0,22.3,20.4,195.3,41.5,0.0,334.6,67.0,79.9
2014-07-10,5.6,22.1,24.0,213.5,25.8,0.0,307.6,70.5,75.4
2014-07-11,6.3,19.6,24.0,293.2,16.7,0.0,165.3,79.3,66.8
2014-07-12,5.9,20.9,24.0,218.5,21.7,0.0,352.5,22.0,60.6
2014-07-13,4.9,21.6,24.0,206.3,27.5,0.0,260.4,80.8,64.0
2014-07-14,6.5,19.8,23.7,195.9,30.9,2.879,172.7,96.3,80.0
2014-07-15,5.4,21.1,20.5,197.6,22.2,0.839,174.3,95.7,92.4
2014-07-16,4.2,23.9,23.1,189.2,31.6,6.308,309.1,85.2,86.4
2014-07-17,4.9,21.5,22.1,195.7,34.4,6.205,158.7,94.6,91.6
2014-07-18,3.9,20.3,21.7,237.3,27.1,0.001,315.9,67.3,76.0
2014-07-19,6.2,19.6,24.0,316.2,16.3,0.0,329.2,50.7,75.5
2014-07-20,3.8,19.9,23.3,159.9,11.3,0.037,309.8,60.4,73.7
2014-07-21,7.1,21.2,24.0,172.7,16.3,0.172,249.6,86.3,61.5
2014-07-22,7.3,21.9,24.0,221.2,25.4,0.0,295.0,66.3,67.8
2014-07-23,6.9,23.2,24.0,223.0,32.4,0.0,320.1,70.4,71.9
2014-07-24,0.4,18.5,18.9,271.9,20.5,3.541,144.5,88.2,93.3
2014-07-25,4.4,18.9,24.0,336.2,11.0,0.001,245.1,77.0,78.4
2014-07-26,6.9,20.8,17.5,223.7,32.7,0.0,289.5,36.7,68.7
2014-07-27,8.2,21.3,20.3,180.3,34.7,0.0,313.0,87.8,68.9
2014-07-28,1.6,22.5,22.9,156.3,31.0,2.31,230.3,92.1,81.6
2014-07-29,2.7,23.0,22.0,176.9,40.3,0.172,256.3,86.7,76.9
2014-07-30,4.3,20.6,22.2,186.7,16.4,3.824,208.6,71.9,77.2
2014-07-31,12.8,21.3,24.4,193.4,23.8,1.107,195.9,84.2,80.1
2014-08-01,12.9,20.6,24.0,204.1,14.3,0.0,288.0,55.8,69.4
2014-08-02,8.0,21.0,22.6,219.1,18.3,0.0,149.6,80.6,79.6
2014-08-03,7.7,21.6,24.0,213.7,16.6,0.018,244.3,87.3,67.9
2014-08-04,6.6,21.5,24.0,189.6,15.5,0.035,227.2,88.5,76.5
2014-08-05,9.2,21.5,23.5,218.3,17.7,0.373,229.6,76.5,82.0
2014-08-06,7.4,20.6,22.3,218.9,20.0,15.735,197.9,80.7,84.0
2014-08-07,6.5,18.7,19.4,311.2,20.2,22.837,239.1,88.6,86.6
2014-08-08,6.5,17.8,24.0,229.9,30.7,0.009,233.0,63.2,82.3
2014-08-09,6.3,16.2,22.5,341.9,24.0,0.863,247.0,71.6,90.2
2014-08-10,6.8,16.5,18.0,353.4,29.1,4.033,246.3,92.8,88.9
2014-08-11,8.6,17.4,22.6,2.7,27.4,1.067,287.7,87.6,85.5
2014-08-12,0.0,17.1,24.0,8.9,14.5,0.001,301.2,42.6,82.9
2014-08-13,2.8,18.6,22.0,133.4,16.3,0.042,280.8,75.6,79.0
2014-08-14,3.6,19.7,24.0,119.8,33.2,0.001,160.5,76.9,79.9
2014-08-15,3.0,18.4,18.8,122.8,27.6,13.127,224.7,87.0,89.5
2014-08-16,7.8,18.2,24.0,191.3,25.6,0.516,212.1,83.5,80.1
2014-08-17,10.3,17.7,24.0,186.6,16.4,1.777,157.3,92.6,82.0
2014-08-18,2.7,16.9,19.8,297.0,20.5,15.428,190.1,97.4,94.1
2014-08-19,3.5,17.3,21.2,302.7,25.0,4.344,208.8,87.7,89.7
2014-08-20,4.0,17.2,24.0,318.4,20.4,0.0,244.0,68.9,82.8
2014-08-21,4.3,16.9,24.0,344.5,18.3,0.0,236.6,77.0,85.4
2014-08-22,3.1,17.1,24.0,18.3,27.2,0.0,205.4,89.6,84.9
2014-08-23,2.2,16.4,24.0,20.8,28.9,0.002,249.3,68.5,78.7
2014-08-24,2.6,16.6,26.6,239.7,14.6,0.036,283.2,58.3,79.2
2014-08-25,9.0,19.8,24.0,213.5,23.8,0.002,272.8,61.8,77.8
2014-08-26,8.4,21.2,24.0,218.0,25.6,0.0,253.0,57.7,76.2
2014-08-27,11.2,21.1,23.7,228.2,27.3,0.0,266.1,67.4,71.1
2014-08-28,5.6,18.2,14.0,7.3,31.5,4.871,117.4,91.0,93.8
2014-08-29,1.9,13.3,17.5,357.7,33.7,5.536,194.2,64.3,80.7
2014-08-30,2.8,15.2,24.0,220.6,31.1,0.0,268.3,63.6,67.3
2014-08-31,9.0,17.8,23.7,218.7,33.0,0.316,185.0,90.3,82.9
2015-06-01,-0.7,8.8,24.0,37.5,27.2,0.385,117.0,99.5,69.5
2015-06-02,0.0,7.2,24.0,84.4,22.2,0.0,100.5,99.0,67.2
2015-06-03,2.4,6.2,9.3,40.5,37.0,4.532,135.6,98.5,93.0
2015-06-04,2.4,10.5,24.0,356.3,17.2,0.055,328.5,88.5,69.0
2015-06-05,4.0,12.6,24.0,177.7,25.7,0.0,324.3,67.6,72.0
2015-06-06,6.2,9.6,20.7,206.9,24.0,6.482,70.7,94.5,90.6
2015-06-07,4.5,8.9,24.0,353.6,28.9,0.034,365.0,47.8,70.2
2015-06-08,9.7,12.0,24.0,173.8,31.1,0.0,250.5,75.9,65.5
2015-06-09,9.1,16.3,24.0,171.4,38.7,0.033,315.1,92.4,74.9
2015-06-10,10.2,16.8,23.8,171.6,41.9,0.491,287.5,82.7,85.8
2015-06-11,30.6,17.0,23.0,180.5,33.5,0.214,297.6,59.7,77.3
2015-06-12,19.8,19.0,20.8,252.8,24.1,0.0,296.2,79.1,73.2
2015-06-13,3.0,16.7,21.5,283.8,24.1,12.907,275.5,73.0,79.6
2015-06-14,4.9,10.4,22.1,342.8,31.5,0.172,309.9,68.3,78.7
2015-06-15,4.2,13.1,24.0,164.4,22.0,0.0,369.1,51.8,64.1
2015-06-16,5.4,13.5,21.1,185.4,33.4,3.076,144.9,90.3,77.6
2015-06-17,3.3,15.3,21.4,312.5,40.0,5.087,368.3,70.2,66.3
2015-06-18,1.0,16.7,24.0,198.9,23.6,0.0,280.7,75.0,61.5
2015-06-19,6.5,11.8,17.8,200.1,25.6,12.827,152.9,80.3,86.9
2015-06-20,4.1,13.5,24.0,261.2,17.5,0.028,331.2,45.1,68.4
2015-06-21,3.9,12.9,21.7,180.5,20.5,0.686,182.9,94.4,79.1
2015-06-22,6.9,11.5,9.1,47.1,29.0,51.213,157.1,100.0,96.0
2015-06-23,14.9,13.3,23.3,133.3,29.4,1.792,220.7,84.8,82.7
2015-06-24,1.7,15.2,16.7,170.5,33.1,14.844,319.2,78.6,85.4
2015-06-25,3.8,14.5,24.0,294.4,20.2,0.86,298.0,63.6,70.6
2015-06-26,6.4,11.1,24.0,1.7,21.9,0.0,299.3,76.1,82.1
2015-06-27,0.5,11.6,24.0,318.1,15.7,0.041,366.0,39.9,72.5
2015-06-28,0.1,14.0,22.7,162.8,30.9,0.627,163.8,85.7,77.8
2015-06-29,2.0,14.1,19.2,149.0,38.1,7.699,247.6,97.6,90.3
2015-06-30,5.6,16.5,24.0,233.6,21.8,0.0,318.7,77.1,79.7
2015-07-01,15.7,19.3,24.0,170.8,22.3,0.0,280.0,79.8,71.7
2015-07-02,8.7,19.9,22.7,197.8,38.2,0.0,279.3,78.4,76.2
2015-07-03,4.8,18.1,24.0,233.3,23.9,0.0,285.4,78.9,65.6
2015-07-04,8.1,20.3,24.0,243.8,16.6,0.028,311.3,76.3,58.0
2015-07-05,11.2,19.3,24.0,213.2,14.6,0.4,327.2,93.4,69.4
2015-07-06,7.3,17.9,23.0,355.0,25.3,0.0,326.9,83.3,81.3
2015-07-07,9.7,19.6,20.9,179.4,23.9,0.0,302.1,87.5,76.5
2015-07-08,16.4,20.4,21.0,196.9,38.5,0.014,278.7,84.0,81.6
2015-07-09,9.3,17.8,24.0,304.5,15.6,0.0,273.7,70.4,69.0
2015-07-10,5.9,18.4,23.8,34.0,16.4,0.036,277.8,85.0,74.7
2015-07-11,10.9,17.6,21.0,12.9,13.0,0.0,314.2,62.1,78.7
2015-07-12,10.8,20.8,19.3,209.6,29.1,0.045,249.5,85.7,73.8
2015-07-13,8.3,19.0,19.5,9.2,18.1,0.007,329.8,63.3,70.6
2015-07-14,7.6,20.8,20.9,167.0,27.2,0.068,329.4,48.2,67.8
2015-07-15,8.0,19.7,18.9,180.2,25.9,0.162,287.9,81.8,85.2
2015-07-16,1.8,15.9,23.8,328.5,22.3,1.785,351.8,50.8,76.3
2015-07-17,2.5,15.9,24.0,320.1,20.0,0.0,337.7,60.6,67.9
2015-07-18,5.5,18.2,24.0,229.4,16.3,0.0,188.7,73.1,63.7
2015-07-19,14.3,15.2,14.2,118.7,24.1,12.773,143.4,100.0,92.8
2015-07-20,13.4,16.1,9.7,84.8,16.1,4.448,129.9,100.0,95.2
2015-07-21,12.3,17.4,18.6,121.3,20.1,0.309,252.8,97.5,90.0
2015-07-22,2.5,16.0,22.0,128.8,19.2,2.146,166.9,99.5,93.4
2015-07-23,3.8,16.7,19.1,318.2,20.1,0.042,221.1,96.1,90.7
2015-07-24,4.3,14.4,23.1,34.1,25.4,0.0,187.8,92.6,83.1
2015-07-25,7.1,13.9,20.5,53.0,12.8,0.726,225.4,93.5,89.8
2015-07-26,5.2,16.4,24.0,169.3,24.0,0.948,189.6,90.4,83.4
2015-07-27,6.6,17.0,20.9,175.8,25.4,0.769,185.1,96.5,90.8
2015-07-28,12.7,19.1,20.9,181.0,31.4,0.172,119.8,95.9,91.7
2015-07-29,14.7,18.0,20.2,290.8,25.3,0.0,297.4,93.0,88.9
2015-07-30,8.8,18.5,24.0,273.1,13.0,0.001,312.3,88.3,81.7
2015-07-31,5.4,21.7,22.5,190.7,28.9,0.867,257.4,71.5,80.5
2015-08-01,6.6,21.8,24.0,221.8,22.9,0.0,324.3,48.5,70.0
2015-08-02,4.5,20.7,24.0,237.5,25.4,0.055,320.7,27.8,70.0
2015-08-03,7.6,21.8,24.0,196.6,31.2,0.0,321.5,63.1,64.3
2015-08-04,6.8,22.4,20.3,180.7,31.2,1.439,216.2,76.4,80.9
2015-08-05,6.9,22.1,22.2,226.7,26.9,0.075,288.3,73.2,72.1
2015-08-06,2.1,19.1,24.0,248.1,28.6,0.0,285.1,62.5,74.7
2015-08-07,2.1,17.8,24.0,298.2,18.4,0.0,268.2,44.2,81.6
2015-08-08,2.3,16.9,23.5,42.6,23.9,0.062,215.7,73.0,86.0
2015-08-09,2.8,17.3,19.0,40.9,23.3,0.766,99.1,98.5,88.2
2015-08-10,1.6,17.3,19.1,2.8,29.3,9.159,266.1,73.2,84.0
2015-08-11,3.5,19.9,24.0,184.8,29.2,0.0,295.5,53.9,73.0
2015-08-12,3.4,19.2,16.9,153.8,27.6,14.371,144.0,98.8,93.2
2015-08-13,2.1,21.8,21.7,197.0,25.6,0.034,183.4,93.9,86.3
2015-08-14,7.5,21.2,24.0,223.3,23.7,0.014,279.0,59.1,75.5
2015-08-15,12.8,21.2,24.0,225.5,18.2,0.0,236.5,48.3,76.7
2015-08-16,13.0,23.4,24.0,236.5,24.0,0.0,286.2,55.7,71.7
2015-08-17,14.2,24.1,24.0,225.2,31.0,0.0,262.7,73.6,72.2
2015-08-18,7.9,24.3,21.5,225.8,18.2,0.0,270.3,61.1,76.4
2015-08-19,1.3,24.0,22.7,229.3,16.4,0.054,263.5,51.6,76.8
2015-08-20,1.1,23.2,21.1,186.5,21.9,0.0,270.5,35.6,79.8
2015-08-21,3.8,24.2,24.0,164.7,29.6,0.003,230.3,57.0,80.2
2015-08-22,3.2,23.9,21.5,190.3,23.6,2.344,177.3,84.5,89.4
2015-08-23,4.6,21.9,16.8,40.8,24.5,65.895,196.7,92.5,91.0
2015-08-24,5.5,21.7,16.1,27.4,23.6,0.002,175.5,94.5,93.3
2015-08-25,10.5,21.2,20.4,21.8,20.3,0.0,242.0,90.9,91.9
2015-08-26,5.7,20.0,21.5,148.2,31.3,0.083,180.6,93.4,85.2
2015-08-27,4.8,18.3,16.1,147.4,27.5,61.335,141.9,92.3,93.3
2015-08-28,4.4,18.9,24.0,275.2,16.5,0.068,277.0,28.8,80.6
2015-08-29,7.9,19.0,24.0,239.9,18.3,0.054,203.6,50.5,78.2
2015-08-30,11.6,19.6,24.0,235.8,21.8,0.0,226.0,93.5,79.0
2015-08-31,18.3,20.2,23.3,226.3,31.3,3.88,248.4,69.1,79.1
2016-06-01,5.9,8.4,24.0,13.1,33.1,0.904,352.3,67.6,78.6
2016-06-02,4.6,8.9,24.0,141.9,25.9,0.034,346.1,56.7,67.1
2016-06-03,2.9,11.5,23.8,163.9,25.7,0.0,245.6,94.0,74.9
2016-06-04,7.0,12.3,22.6,162.0,22.1,5.472,202.3,97.9,80.2
2016-06-05,0.7,11.9,20.0,5.4,14.8,0.0,238.4,97.5,87.5
2016-06-06,4.7,11.5,19.4,141.2,32.9,4.875,153.7,100.0,89.7
2016-06-07,4.9,16.1,14.6,160.6,22.4,0.001,347.4,90.3,83.1
2016-06-08,1.0,15.0,19.0,165.0,27.6,5.26,241.2,90.2,88.1
2016-06-09,1.4,10.4,15.0,270.4,25.8,8.798,108.8,97.2,88.6
2016-06-10,3.7,8.7,15.1,357.4,29.2,4.842,184.5,91.2,85.8
2016-06-11,10.7,14.8,24.0,245.9,19.9,0.001,355.8,74.4,70.2
2016-06-12,9.1,13.0,21.5,134.2,33.1,2.457,183.2,95.4,83.6
2016-06-13,0.4,13.1,15.5,156.7,27.6,4.77,189.1,95.6,89.3
2016-06-14,1.6,9.6,7.6,318.7,23.7,12.232,108.9,98.6,94.7
2016-06-15,6.4,8.3,5.1,324.5,29.2,5.289,77.5,100.0,94.4
2016-06-16,11.4,8.6,24.0,326.9,27.6,1.065,183.5,95.6,80.7
2016-06-17,5.8,9.3,24.0,353.3,28.0,0.0,291.3,83.3,69.4
2016-06-18,5.7,15.3,24.0,266.8,20.5,0.0,370.3,40.5,53.5
2016-06-19,5.2,19.3,24.0,243.3,42.4,0.0,363.5,48.1,38.8
2016-06-20,4.8,19.7,24.0,217.6,38.9,0.0,353.2,54.0,41.7
2016-06-21,6.5,17.9,24.0,196.3,31.6,0.003,302.2,71.2,67.3
2016-06-22,5.4,18.3,23.6,187.3,16.6,0.001,297.7,66.9,71.7
2016-06-23,11.5,17.4,24.0,222.6,24.0,0.009,297.8,77.5,71.1
2016-06-24,9.1,16.1,24.0,275.8,16.6,0.396,328.2,53.9,66.0
2016-06-25,4.6,18.7,24.0,207.6,25.1,0.0,354.6,69.7,59.7
2016-06-26,4.6,19.9,24.0,176.6,16.6,0.0,355.7,51.8,57.4
2016-06-27,5.6,20.4,22.9,199.9,27.4,0.0,335.3,50.3,69.5
2016-06-28,2.2,20.3,24.0,203.6,31.1,0.0,291.5,64.1,69.6
2016-06-29,4.2,21.2,23.8,174.2,34.6,0.188,158.4,90.8,86.4
2016-06-30,4.5,20.8,21.4,194.9,27.2,1.833,210.4,83.1,83.9
2016-07-01,5.7,21.2,24.0,217.0,21.8,0.0,358.1,22.6,68.6
2016-07-02,2.9,19.2,24.0,174.7,30.9,0.009,177.4,77.0,76.9
2016-07-03,5.2,17.1,24.0,257.4,26.9,0.0,336.0,60.3,65.9
2016-07-04,10.3,19.5,24.0,255.6,25.4,0.0,336.1,44.0,58.1
2016-07-05,2.8,20.3,24.0,235.1,18.0,0.362,213.5,85.7,66.6
2016-07-06,9.5,15.0,19.8,6.3,20.3,0.948,294.9,97.6,85.5
2016-07-07,12.4,12.9,21.8,81.8,15.2,2.847,266.8,97.1,77.4
2016-07-08,6.2,12.6,18.8,76.8,20.5,14.012,280.6,96.6,85.8
2016-07-09,0.8,13.6,24.0,70.7,16.4,0.0,311.6,98.5,79.1
2016-07-10,0.9,13.4,17.4,77.7,17.9,7.849,148.1,98.5,89.0
2016-07-11,-0.7,14.2,19.9,357.5,28.7,2.349,168.7,95.6,81.4
2016-07-12,1.4,17.6,24.0,331.2,16.4,0.0,341.8,52.8,66.6
2016-07-13,2.1,17.9,21.9,153.7,25.4,0.0,335.7,54.0,68.9
2016-07-14,8.1,21.6,24.0,217.8,33.0,0.0,317.0,63.7,68.9
2016-07-15,11.8,22.3,22.6,212.2,33.0,2.843,313.9,90.0,78.9
2016-07-16,7.4,20.3,24.0,9.5,27.1,0.771,240.5,79.6,76.6
2016-07-17,7.9,18.9,23.6,140.5,17.9,2.638,172.1,87.2,80.9
2016-07-18,10.3,21.4,23.4,205.6,24.1,0.035,282.1,83.4,82.0
2016-07-19,2.8,19.7,24.0,262.8,22.1,0.0,324.5,69.3,67.0
2016-07-20,2.3,16.6,24.0,265.2,29.1,0.0,258.6,59.2,68.9
2016-07-21,7.5,20.6,24.0,250.5,21.4,0.0,304.3,74.8,65.1
2016-07-22,14.0,21.5,24.0,205.8,31.2,0.0,260.9,82.8,69.2
2016-07-23,5.1,21.9,21.9,223.2,30.8,0.043,233.0,91.7,78.6
2016-07-24,5.8,20.6,23.1,345.8,12.5,0.041,325.0,43.0,82.5
2016-07-25,7.7,20.7,16.3,117.5,12.3,0.344,269.4,80.8,81.7
2016-07-26,3.6,20.0,21.2,173.1,23.6,8.266,136.1,92.5,89.0
2016-07-27,6.2,21.4,20.5,353.7,16.1,0.0,319.8,72.4,85.5
2016-07-28,13.8,22.6,23.7,189.9,20.2,0.085,247.0,86.4,78.4
2016-07-29,8.4,20.9,22.6,208.1,14.4,18.607,185.0,98.1,87.8
2016-07-30,9.5,20.4,19.8,342.2,15.4,0.0,244.9,66.8,81.4
2016-07-31,3.2,20.1,24.0,316.9,18.1,0.0,309.4,59.8,71.4
2016-08-01,2.5,18.3,24.0,41.4,18.0,0.041,313.3,60.9,71.6
2016-08-02,3.9,17.5,24.0,59.4,23.9,0.0,218.3,69.6,74.4
2016-08-03,2.1,17.0,24.0,170.9,16.7,0.0,305.8,39.0,73.9
2016-08-04,2.8,20.2,23.3,225.1,29.1,0.279,295.2,85.2,71.6
2016-08-05,4.2,21.3,22.7,226.0,30.8,13.512,250.8,87.9,66.7
2016-08-06,5.9,21.8,24.0,206.3,36.6,0.0,299.1,74.3,73.1
2016-08-07,3.3,20.1,20.1,257.0,22.0,0.0,270.1,70.4,80.6
2016-08-08,4.9,18.6,24.0,282.2,24.0,0.0,296.4,51.2,66.5
2016-08-09,6.1,16.8,24.0,304.8,16.6,0.0,307.1,52.9,70.9
2016-08-10,5.6,20.3,24.0,231.2,22.1,0.0,250.5,62.5,67.5
2016-08-11,9.3,20.4,23.3,228.9,27.3,1.123,184.8,87.0,87.1
2016-08-12,6.9,17.8,16.7,273.4,16.1,3.892,152.4,95.7,91.2
2016-08-13,10.2,16.4,24.0,359.8,16.3,0.034,234.4,74.7,74.0
2016-08-14,4.1,14.9,15.7,105.2,23.6,14.44,149.3,97.4,89.2
2016-08-15,4.4,16.6,17.5,356.8,16.4,0.106,196.1,89.8,90.3
2016-08-16,6.1,18.4,25.0,228.2,20.0,0.0,270.2,72.3,77.9
2016-08-17,1.3,16.5,10.8,96.2,32.7,39.796,111.0,100.0,91.3
2016-08-18,4.9,18.9,23.6,240.2,18.1,1.693,276.3,79.4,83.8
2016-08-19,6.1,18.7,24.0,323.8,18.1,16.419,270.8,47.9,82.4
2016-08-20,5.1,18.7,24.0,185.7,20.1,0.0,223.4,88.3,76.1
2016-08-21,2.7,19.9,24.0,185.0,27.2,0.0,280.6,44.8,76.6
2016-08-22,0.8,21.6,22.0,164.9,28.0,8.354,207.6,71.9,83.0
2016-08-23,4.2,18.7,23.8,278.9,27.5,0.456,289.7,41.9,67.1
2016-08-24,5.5,20.7,24.0,244.2,21.8,0.0,240.1,67.3,70.0
2016-08-25,4.9,21.3,24.0,221.9,29.5,0.0,139.7,86.1,73.4
2016-08-26,9.2,21.2,23.0,227.0,27.5,0.979,171.2,93.5,84.4
2016-08-27,3.9,17.7,23.1,335.0,22.4,0.0,219.8,70.3,89.7
2016-08-28,1.8,16.3,24.0,214.7,12.6,0.075,189.1,68.1,74.3
2016-08-29,4.2,17.6,22.9,226.1,29.3,12.659,155.8,90.8,83.2
2016-08-30,1.6,15.7,24.0,338.8,23.7,0.0,267.9,55.4,68.3
2016-08-31,6.9,17.8,24.0,227.6,25.6,0.065,255.7,59.3,81.3
2017-06-01,4.5,14.1,24.7,159.8,22.1,5.631,199.7,60.2,87.8
2017-06-02,4.2,13.3,19.8,187.6,16.8,0.007,290.2,49.1,85.9
2017-06-03,3.6,11.6,21.5,350.0,14.6,1.303,177.2,50.8,85.4
2017-06-04,3.4,7.8,12.8,356.3,27.2,0.035,156.3,97.0,93.1
2017-06-05,6.8,6.3,19.6,7.2,27.5,0.0,174.2,93.8,89.5
2017-06-06,-1.1,8.4,19.9,34.1,23.7,0.0,249.1,74.2,85.6
2017-06-07,2.6,11.6,20.2,286.6,17.4,0.041,362.2,43.4,72.8
2017-06-08,2.7,18.2,24.0,227.7,27.6,0.0,347.3,34.8,56.7
2017-06-09,6.9,12.7,15.0,353.3,48.0,22.908,144.8,65.2,70.4
2017-06-10,11.7,14.9,22.3,289.8,38.5,10.307,365.6,51.2,66.9
2017-06-11,10.8,19.1,24.0,221.4,42.4,0.0,330.3,40.4,63.8
2017-06-12,15.1,18.0,24.0,18.5,18.5,0.0,286.4,48.9,62.1
2017-06-13,15.5,18.7,22.9,292.8,26.9,5.033,254.8,49.4,70.6
2017-06-14,4.1,11.2,24.0,350.2,31.8,0.0,252.4,41.9,70.4
2017-06-15,1.9,10.7,24.3,240.0,17.4,0.042,305.9,54.5,72.2
2017-06-16,2.6,12.1,21.3,182.4,20.0,0.531,237.8,48.9,76.5
2017-06-17,2.8,14.0,19.8,169.7,29.5,9.158,97.6,65.3,87.1
2017-06-18,6.7,19.5,23.8,196.1,29.1,0.344,332.9,75.5,86.1
2017-06-19,7.5,22.4,24.0,212.2,35.0,0.0,333.5,63.5,84.8
2017-06-20,3.4,20.7,22.4,197.1,31.5,1.402,217.1,43.0,90.0
2017-06-21,7.1,19.7,24.0,229.0,31.4,0.01,291.9,46.2,74.9
2017-06-22,6.6,17.4,24.0,254.3,24.7,0.014,358.5,33.3,71.0
2017-06-23,10.2,18.3,22.7,216.0,27.5,0.934,234.9,46.1,68.2
2017-06-24,2.8,18.4,18.0,203.2,36.0,24.389,251.1,84.2,93.5
2017-06-25,3.2,19.8,23.1,251.2,23.7,0.0,360.7,30.9,70.8
2017-06-26,2.8,18.5,24.0,240.5,27.1,0.445,329.3,30.8,68.2
2017-06-27,4.0,17.7,23.8,183.3,23.7,0.595,345.8,28.2,67.3
2017-06-28,3.2,16.9,24.0,181.0,25.6,2.249,219.4,43.6,73.5
2017-06-29,5.8,17.3,24.0,241.1,24.0,0.0,266.1,30.6,72.7
2017-06-30,10.4,16.0,23.0,207.5,23.9,0.515,162.0,57.7,84.2
2017-07-01,3.7,16.3,19.3,100.1,21.5,0.859,107.3,63.1,90.5
2017-07-02,5.2,19.3,16.9,196.0,26.4,16.302,164.5,67.7,91.0
2017-07-03,8.5,21.0,24.0,234.7,31.3,0.003,346.5,28.4,74.3
2017-07-04,13.2,16.6,24.0,320.4,20.5,0.041,337.6,51.8,75.7
2017-07-05,12.3,16.6,24.0,186.9,16.5,0.041,350.0,31.3,66.4
2017-07-06,0.9,20.2,24.0,223.5,37.1,0.041,343.5,41.7,59.7
2017-07-07,1.6,20.3,24.0,193.9,33.0,0.0,321.3,46.6,71.9
2017-07-08,5.0,19.8,24.0,167.5,16.4,1.143,200.1,51.2,83.6
2017-07-09,3.9,20.7,23.3,230.3,27.0,0.345,285.0,51.2,79.9
2017-07-10,6.2,20.5,24.0,232.5,23.9,0.0,266.5,33.6,68.3
2017-07-11,8.7,20.7,24.0,205.9,32.5,0.0,234.7,41.1,71.8
2017-07-12,10.1,19.1,24.0,246.3,23.8,0.0,236.6,45.5,71.5
2017-07-13,11.6,16.4,24.0,275.3,12.7,0.172,267.0,43.7,68.1
2017-07-14,0.2,18.3,24.0,207.0,16.2,0.0,350.6,19.2,66.8
2017-07-15,3.5,18.7,24.0,192.5,18.0,0.0,319.1,52.0,60.7
2017-07-16,2.7,20.7,24.0,222.0,21.7,0.0,326.4,44.9,71.9
2017-07-17,5.9,21.1,19.4,236.9,18.0,0.034,326.2,40.3,82.9
2017-07-18,1.0,21.0,24.0,203.9,22.9,0.034,202.2,32.2,83.4
2017-07-19,10.9,21.0,20.9,223.7,25.6,0.0,321.2,59.0,83.8
2017-07-20,16.1,21.4,22.9,273.7,18.0,0.0,255.1,40.8,83.3
2017-07-21,5.6,21.2,21.7,226.3,22.2,5.66,236.9,46.8,80.2
2017-07-22,10.4,17.8,23.0,310.3,34.4,36.656,340.7,38.9,71.1
2017-07-23,10.3,15.8,23.9,309.9,17.8,0.0,347.8,30.0,58.6
2017-07-24,1.5,16.4,24.0,334.2,18.0,0.0,248.7,46.1,66.3
2017-07-25,1.2,16.5,23.9,33.0,25.6,3.03,230.3,45.7,80.3
2017-07-26,0.6,17.0,24.0,226.2,14.3,0.0,340.5,29.3,72.1
2017-07-27,3.0,17.9,24.0,204.5,27.4,0.0,184.5,53.1,70.1
2017-07-28,7.9,17.8,24.0,208.5,29.1,0.02,232.2,73.4,82.3
2017-07-29,1.1,17.6,24.0,325.2,18.1,0.001,305.1,40.8,71.9
2017-07-30,3.0,16.9,24.0,3.4,18.5,0.0,255.0,45.7,75.4
2017-07-31,6.9,20.5,24.0,248.2,23.5,0.034,327.4,16.1,62.3
2017-08-01,13.3,19.8,24.0,295.2,21.8,0.728,305.3,41.3,71.9
2017-08-02,14.5,18.9,21.6,133.7,15.8,0.0,324.3,28.0,70.6
2017-08-03,10.2,21.3,23.4,179.9,23.9,0.0,275.2,47.4,71.9
2017-08-04,3.5,22.6,24.0,193.1,20.1,0.0,282.3,31.2,71.4
2017-08-05,2.5,22.1,24.0,172.6,26.5,0.0,304.2,42.0,76.7
2017-08-06,2.6,19.3,20.6,157.5,29.2,33.178,148.6,56.4,87.7
2017-08-07,5.5,17.7,24.0,254.6,24.4,0.0,317.2,33.1,68.2
2017-08-08,4.5,15.8,22.3,239.8,14.4,1.821,91.0,36.9,86.2
2017-08-09,6.5,17.5,25.3,243.9,20.4,0.014,315.0,23.6,73.0
2017-08-10,13.1,19.9,24.0,239.3,18.2,0.0,296.5,39.6,74.0
2017-08-11,1.8,20.4,24.0,207.1,16.0,0.02,214.0,53.2,62.7
2017-08-12,2.1,19.1,19.5,164.1,19.1,21.795,90.8,54.3,86.7
2017-08-13,4.8,18.8,22.3,225.9,29.2,0.0,242.2,67.1,88.9
2017-08-14,5.8,19.9,24.0,257.7,26.9,0.0,298.1,24.9,69.4
2017-08-15,7.9,20.2,24.0,204.7,18.3,0.0,268.0,43.3,73.0
2017-08-16,8.4,18.6,21.5,207.1,25.6,10.647,218.5,48.7,87.7
2017-08-17,5.5,14.4,24.1,286.2,31.2,0.336,222.3,39.5,71.4
2017-08-18,5.1,15.7,24.3,2.2,17.5,0.0,248.3,40.8,78.5
2017-08-19,5.5,16.5,18.5,154.4,28.7,10.901,141.5,71.4,86.4
2017-08-20,7.2,20.5,18.5,210.2,29.4,2.124,268.8,63.8,88.7
2017-08-21,12.8,20.6,24.0,248.1,20.3,0.172,266.3,32.3,77.2
2017-08-22,11.2,21.5,24.0,236.4,16.7,0.0,250.8,60.2,78.4
2017-08-23,4.5,20.9,19.9,188.9,33.2,19.347,170.3,77.5,91.1
2017-08-24,7.2,19.6,24.0,227.2,21.8,0.0,275.0,35.0,73.5
2017-08-25,4.9,17.1,24.0,344.7,16.4,0.0,231.0,30.6,78.4
2017-08-26,3.7,15.2,24.0,307.1,20.2,0.275,240.2,59.7,82.6
2017-08-27,5.4,14.2,23.7,7.2,14.5,19.932,214.5,44.1,86.7
2017-08-28,3.8,14.3,24.0,1.8,12.7,0.109,278.5,31.2,78.6
2017-08-29,1.3,16.1,24.0,210.7,16.3,0.0,271.3,18.0,71.0
2017-08-30,4.6,17.1,24.0,219.7,12.7,0.0,106.6,61.7,71.5
2017-08-31,9.8,17.3,23.8,327.2,28.9,0.089,152.4,64.0,79.1
2018-06-01,5.5,19.6,24.0,200.8,17.5,0.0,321.0,82.6,65.1
2018-06-02,6.4,11.5,7.1,343.5,46.1,30.974,35.4,99.0,96.3
2018-06-03,-0.3,4.1,22.2,13.5,38.6,0.557,254.2,93.5,77.2
2018-06-04,0.9,6.0,24.0,23.7,22.3,0.0,321.3,71.1,64.4
2018-06-05,4.3,6.9,24.0,84.2,24.0,1.583,103.8,100.0,76.4
2018-06-06,2.4,6.1,23.1,27.7,16.5,13.85,158.9,88.4,87.0
2018-06-07,0.5,12.1,24.0,206.4,21.8,0.0,325.4,46.6,72.3
2018-06-08,7.1,13.5,23.8,215.2,31.6,0.949,216.7,84.7,74.2
2018-06-09,8.4,12.3,24.0,272.2,17.8,0.041,193.0,66.4,74.4
2018-06-10,3.7,9.3,24.0,358.6,25.8,0.129,168.9,91.2,73.7
2018-06-11,2.7,7.5,24.0,336.3,23.7,0.0,151.6,64.7,70.4
2018-06-12,2.6,12.2,24.0,208.0,33.1,0.108,282.1,65.2,64.3
2018-06-13,5.2,13.8,23.6,297.1,34.9,0.0,309.1,87.1,65.6
2018-06-14,3.6,8.1,14.0,65.7,22.3,11.282,122.7,99.0,87.1
2018-06-15,2.3,11.8,21.6,326.2,31.3,5.358,358.6,41.6,68.6
2018-06-16,6.3,13.1,24.0,328.6,24.1,0.02,266.6,62.5,75.3
2018-06-17,8.9,12.1,24.0,90.0,23.9,0.095,347.4,44.5,62.0
2018-06-18,10.6,12.7,19.9,185.5,40.2,5.983,103.2,99.9,86.3
2018-06-19,4.2,16.0,19.5,292.0,30.9,9.394,183.4,89.1,79.7
2018-06-20,2.9,17.7,24.0,244.7,31.8,0.0,355.3,72.7,56.3
2018-06-22,4.6,13.7,24.0,225.1,22.9,0.001,371.0,22.4,65.4
2018-06-23,6.3,17.0,24.0,215.1,33.0,0.0,213.7,70.1,55.0
2018-06-26,1.0,11.7,24.0,335.5,25.4,0.001,355.5,58.7,64.5
2018-06-27,1.0,18.4,24.0,238.9,32.9,0.0,352.3,56.2,58.8
2018-06-28,6.5,17.9,23.3,205.3,35.0,1.584,176.0,93.1,74.8
2018-06-29,6.1,19.0,16.0,193.9,34.5,31.135,244.5,88.5,89.2
2018-06-30,9.4,19.9,24.0,209.6,16.0,0.001,313.7,71.3,74.1
2018-07-01,19.2,16.6,21.2,334.9,22.0,0.246,242.7,88.4,83.3
2018-07-04,11.0,23.8,26.5,284.5,20.0,0.0,318.3,63.4,68.5
2018-07-05,1.9,23.4,24.0,191.2,20.4,0.0,291.4,69.4,59.6
2018-07-06,2.7,21.1,22.7,225.2,36.7,2.147,113.3,82.8,86.0
2018-07-07,-0.6,16.8,24.0,292.2,31.0,0.235,296.4,44.6,57.4
2018-07-08,3.0,20.3,24.0,238.3,32.9,0.0,309.7,66.8,58.1
2018-07-09,5.6,21.6,24.0,228.1,42.2,0.0,320.1,38.5,56.3
2018-07-10,10.3,21.6,24.0,224.2,27.6,0.203,308.3,63.0,66.2
2018-07-11,8.8,17.1,24.0,27.2,21.1,10.176,137.2,83.5,75.5
2018-07-12,5.4,15.0,24.0,3.0,29.1,0.0,253.9,69.2,75.9
2018-07-13,6.6,16.0,24.0,114.5,11.6,0.035,311.0,57.2,71.9
2018-07-14,9.2,17.5,24.0,161.0,15.6,0.0,280.7,51.5,69.0
2018-07-15,7.9,19.8,24.0,188.6,17.5,0.0,272.8,89.1,77.2
2018-07-16,13.3,21.2,24.0,142.4,16.2,0.0,337.1,64.0,77.2
2018-07-17,6.0,22.2,24.0,195.6,24.9,0.014,323.9,63.6,76.7
2018-07-18,4.0,20.7,22.2,189.5,29.3,0.706,97.8,94.0,90.1
2018-07-19,2.7,18.7,21.0,19.3,13.4,0.0,235.5,76.6,80.7
2018-07-20,3.7,21.5,24.0,192.5,21.7,0.0,349.9,28.6,66.7
2018-07-21,1.6,20.2,22.7,129.5,22.2,0.0,213.1,74.1,83.5
2018-07-22,3.3,22.6,21.7,195.3,21.8,0.172,296.4,77.0,85.6
2018-07-23,5.0,24.9,25.5,225.5,26.6,0.001,232.2,91.7,78.7
2018-07-24,3.8,24.6,23.6,230.3,31.3,0.0,342.0,81.9,77.1
2018-07-25,1.4,24.5,24.0,230.8,32.4,0.0,338.9,54.6,78.4
2018-07-26,5.2,23.4,22.6,191.0,34.8,3.925,146.6,73.8,88.8
2018-07-27,10.4,23.6,24.0,220.1,31.1,1.202,293.2,79.6,84.0
2018-07-28,6.3,23.3,23.1,201.4,22.7,0.515,255.1,70.6,82.9
2018-07-29,5.1,23.0,22.2,215.5,21.6,5.3,224.9,89.8,87.5
2018-07-30,5.4,22.3,24.0,252.6,25.6,0.0,321.0,53.9,73.2
2018-07-31,3.9,22.7,24.0,246.2,21.6,0.0,273.5,49.3,68.2
2018-08-01,5.2,23.9,24.0,226.6,19.3,0.0,312.2,53.0,65.2
2018-08-02,5.9,23.0,24.0,214.2,33.1,0.867,158.7,83.9,78.3
2018-08-03,3.5,24.1,24.0,256.1,21.0,0.0,315.4,70.8,73.0
2018-08-04,3.0,23.2,23.3,202.4,19.4,0.007,198.2,88.0,78.9
2018-08-05,9.4,20.3,19.0,253.3,20.4,13.063,104.4,90.5,94.5
2018-08-06,16.9,22.4,24.0,183.8,14.8,0.014,319.1,45.4,81.0
2018-08-07,10.2,24.2,24.0,220.5,16.5,0.227,225.8,79.6,79.3
2018-08-08,8.3,22.4,24.0,311.5,18.0,0.0,225.5,86.0,81.4
2018-08-09,8.7,21.2,20.3,176.7,25.4,30.037,62.9,86.3,97.3
2018-08-10,13.6,20.7,24.0,244.6,20.5,13.703,209.0,79.7,84.0
2018-08-11,6.8,19.9,24.0,254.1,20.2,0.0,322.5,30.3,62.6
2018-08-12,5.5,21.9,24.0,214.3,14.5,0.0,279.9,82.4,66.2
2018-08-13,2.6,22.8,24.0,227.0,25.4,0.0,302.0,47.3,67.1
2018-08-14,4.6,22.7,23.8,196.9,20.4,0.0,240.1,68.6,78.3
2018-08-15,14.5,23.5,23.8,222.4,28.9,0.0,236.0,73.5,83.3
2018-08-16,23.6,19.2,20.0,318.4,22.8,0.505,119.6,97.4,93.9
2018-08-17,20.6,17.7,24.0,334.3,19.9,0.034,274.8,77.0,69.3
2018-08-18,13.3,16.5,13.0,61.7,30.2,52.423,18.9,93.4,92.3
2018-08-19,3.0,18.5,24.0,33.0,31.3,0.0,254.5,81.1,83.2
2018-08-20,2.0,17.5,24.0,99.0,14.4,0.001,251.6,50.9,79.4
2018-08-21,1.0,18.7,24.0,100.6,14.4,0.0,286.1,13.4,78.9
2018-08-22,5.1,19.6,23.5,158.9,28.8,0.2,231.7,65.3,87.8
2018-08-23,6.5,20.8,21.5,226.0,31.1,0.0,245.6,78.1,81.6
2018-08-24,10.8,19.2,24.0,239.8,25.1,0.0,218.6,18.0,74.5
2018-08-25,4.9,20.7,24.0,222.4,21.8,0.0,240.6,38.6,72.8
2018-08-26,6.4,19.5,24.0,217.7,23.5,0.0,234.3,74.3,66.1
2018-08-27,18.6,20.0,24.0,229.5,18.1,0.002,188.3,72.0,80.3
2018-08-28,22.8,22.8,24.0,221.2,27.4,0.0,245.1,27.7,78.7
2018-08-29,17.5,21.3,24.0,290.4,29.3,0.0,262.3,39.8,77.0
2018-08-30,6.6,18.3,23.8,301.3,25.6,0.0,111.4,81.2,85.3
2018-08-31,2.6,15.6,24.0,14.7,24.1,0.0,226.3,56.9,80.9
2019-06-01,8.3,13.1,24.0,201.5,20.5,0.0,339.6,37.1,65.6
2019-06-02,7.4,10.7,19.1,124.0,33.3,13.713,116.2,70.4,83.3
2019-06-03,1.7,13.0,15.3,185.5,31.4,4.157,231.0,69.5,93.0
2019-06-04,1.5,12.9,24.0,229.1,22.2,1.719,346.4,43.5,70.3
2019-06-05,9.4,11.9,22.9,201.1,31.1,0.914,186.5,45.3,77.8
2019-06-06,5.6,11.3,17.3,135.0,18.2,14.688,56.9,80.7,99.3
2019-06-07,5.7,13.0,17.5,110.3,14.6,0.001,343.6,47.0,72.2
2019-06-08,2.6,12.5,24.0,326.4,29.2,0.0,329.1,44.0,64.3
2019-06-09,1.8,13.0,24.0,328.2,21.8,0.0,354.8,24.2,52.4
2019-06-10,1.8,12.3,24.0,22.8,18.2,0.164,359.9,30.6,62.7
2019-06-11,0.3,15.4,24.0,171.8,32.9,0.065,276.7,67.4,67.8
2019-06-12,1.3,16.0,21.1,281.8,41.4,19.482,355.9,35.9,65.5
2019-06-13,0.0,18.4,24.0,215.3,22.0,0.0,270.6,45.7,54.7
2019-06-14,1.6,16.1,22.5,130.8,36.1,8.53,215.5,78.6,89.2
2019-06-15,4.1,16.3,23.2,220.1,20.0,0.0,267.5,67.7,83.6
2019-06-16,8.1,17.4,24.0,207.5,25.7,0.0,295.8,45.1,69.3
2019-06-17,5.0,16.2,19.2,308.8,16.7,0.034,304.2,62.4,91.2
2019-06-18,5.9,16.0,19.6,308.0,17.8,0.0,357.5,48.8,72.9
2019-06-19,1.2,19.0,24.0,196.9,22.0,0.074,376.5,29.9,62.6
2019-06-20,3.5,18.5,24.0,187.5,20.4,0.0,289.4,61.3,72.7
2019-06-21,2.1,13.6,9.0,42.4,31.8,39.076,47.1,96.8,98.1
2019-06-22,2.2,12.5,18.3,339.9,36.8,16.177,161.2,76.1,86.6
2019-06-23,3.1,16.6,24.0,314.1,36.4,0.034,291.5,51.5,59.5
2019-06-24,9.7,13.1,23.7,334.0,19.4,0.0,197.7,47.8,67.2
2019-06-25,8.7,14.3,24.0,15.6,20.1,0.0,367.4,38.0,67.7
2019-06-26,10.3,15.9,24.0,164.8,20.0,0.0,215.6,67.9,67.2
2019-06-27,4.9,13.6,21.4,149.4,29.0,9.947,68.8,57.4,85.5
2019-06-28,5.9,13.8,21.7,155.2,18.1,11.173,141.2,75.0,95.5
2019-06-29,10.1,16.5,12.4,185.9,17.9,0.23,148.8,75.6,96.4
2019-06-30,3.0,15.1,14.4,55.9,27.5,2.593,51.9,88.1,99.6
2019-07-01,2.4,12.4,10.5,23.1,43.9,6.528,100.3,99.7,99.7
2019-07-02,9.5,12.4,13.8,349.7,22.2,0.838,178.0,97.3,98.3
2019-07-03,14.1,13.4,21.3,320.7,20.8,0.017,291.7,65.4,87.0
2019-07-04,23.0,19.0,22.3,281.6,17.9,0.0,351.2,25.6,82.7
2019-07-05,7.1,22.6,22.3,220.5,23.5,0.0,344.3,40.7,74.4
2019-07-06,6.7,22.5,20.0,232.5,27.5,0.373,235.2,75.2,75.2
2019-07-07,7.0,18.8,22.9,305.6,24.0,3.092,327.9,31.0,67.2
2019-07-08,3.5,19.5,24.0,250.3,21.2,0.034,370.2,19.5,61.1
2019-07-09,9.1,17.7,24.0,306.1,23.9,0.0,290.6,41.2,65.8
2019-07-10,12.6,15.0,24.0,340.2,27.4,0.0,311.1,39.0,77.1
2019-07-11,3.0,15.5,24.0,17.5,16.3,0.0,321.5,29.6,74.1
2019-07-12,4.9,16.9,23.1,150.0,33.2,0.578,87.2,63.2,83.4
2019-07-13,5.8,18.5,19.6,130.9,23.9,1.118,266.7,75.5,89.3
2019-07-14,6.5,20.0,23.3,185.6,23.8,1.515,244.0,57.1,88.2
2019-07-15,2.8,17.4,24.0,276.5,20.4,3.975,135.8,43.9,92.2
2019-07-16,9.9,21.3,23.8,276.3,13.7,0.035,337.3,46.8,74.4
2019-07-17,13.1,21.4,20.5,216.4,26.6,7.708,210.4,65.8,80.6
2019-07-18,3.4,19.1,23.5,312.1,18.2,1.134,339.1,40.3,65.5
2019-07-19,9.3,19.9,24.0,214.3,20.0,0.034,326.3,44.0,69.3
2019-07-20,11.7,22.4,24.0,212.1,22.2,0.001,358.0,34.0,79.1
2019-07-21,10.1,21.3,20.7,321.6,18.2,2.296,139.4,54.6,88.9
2019-07-22,3.4,20.5,19.8,262.5,16.3,0.602,291.1,41.9,78.2
2019-07-23,-0.5,18.3,22.6,129.2,13.6,4.922,75.5,65.5,96.4
2019-07-24,3.6,19.2,20.6,199.3,16.0,0.0,237.4,40.3,83.7
2019-07-25,6.2,18.7,24.0,345.7,18.2,0.0,202.5,42.8,83.9
2019-07-26,9.3,18.9,24.0,181.0,17.3,0.001,340.8,21.8,76.1
2019-07-27,8.0,22.4,23.8,206.0,23.8,0.0,305.8,32.4,63.4
2019-07-28,13.3,21.4,24.0,202.7,23.9,0.0,332.1,26.3,63.4
2019-07-29,21.8,22.0,23.6,214.3,28.8,0.0,301.1,34.8,75.3
2019-07-30,14.4,24.1,23.3,214.2,18.0,0.002,316.0,35.1,76.3
2019-07-31,10.7,24.9,24.0,208.3,22.1,0.015,328.4,40.2,74.9
2019-08-01,3.4,21.9,22.3,243.7,16.2,0.035,177.4,52.8,77.0
2019-08-02,6.7,21.8,24.0,251.0,21.2,0.0,326.4,36.5,63.0
2019-08-03,3.0,22.1,23.8,227.3,25.6,0.0,315.4,37.2,62.3
2019-08-04,5.9,20.2,24.0,253.1,21.4,0.992,310.2,44.9,71.4
2019-08-05,5.1,18.0,24.0,291.9,22.2,0.0,268.7,35.3,69.9
2019-08-06,7.6,21.0,24.0,209.8,17.8,0.0,293.1,42.1,63.1
2019-08-07,5.1,20.6,24.0,166.0,24.1,0.696,313.8,39.3,66.1
2019-08-08,7.2,20.2,22.9,161.0,33.0,0.159,268.3,37.2,73.7
2019-08-09,4.6,21.5,21.4,170.2,31.3,2.786,314.5,64.1,82.5
2019-08-10,2.5,19.0,21.7,200.2,20.4,5.11,191.3,41.4,83.2
2019-08-11,3.0,17.5,23.2,241.2,22.2,4.446,251.0,52.5,78.9
2019-08-12,7.0,18.8,24.0,235.7,22.3,0.0,238.3,37.2,78.0
2019-08-13,9.8,19.1,24.0,230.9,23.9,0.968,211.1,45.0,79.8
2019-08-14,14.9,17.6,24.0,328.6,16.2,0.001,296.2,28.5,70.0
2019-08-15,6.4,17.3,24.0,62.4,16.2,0.001,271.5,37.8,80.9
2019-08-16,3.9,20.6,24.0,170.5,22.5,0.0,257.4,57.5,69.3
2019-08-17,3.6,20.5,24.0,185.0,18.2,0.0,264.8,52.5,68.5
2019-08-18,4.4,19.0,23.5,192.5,18.0,2.791,122.5,62.5,84.3
2019-08-19,7.1,21.7,23.8,183.7,27.2,0.0,221.6,60.5,86.1
2019-08-20,4.9,22.4,23.6,270.8,31.1,0.0,283.0,38.5,64.5
2019-08-21,7.5,22.4,24.0,216.7,24.1,0.0,241.5,57.9,62.1
2019-08-22,6.6,21.7,22.4,198.6,24.4,5.655,170.3,69.9,84.4
2019-08-23,2.8,21.4,24.0,242.3,21.8,0.0,253.6,43.5,72.0
2019-08-24,1.5,15.4,23.0,0.3,41.8,1.727,188.4,60.0,77.1
2019-08-25,0.3,14.2,24.0,21.2,21.1,0.002,265.5,24.0,76.5
2019-08-26,2.2,14.1,24.0,61.6,14.4,0.048,91.4,59.0,79.7
2019-08-27,2.6,15.1,21.8,304.0,23.3,31.037,48.8,54.8,87.3
2019-08-28,3.2,19.2,24.0,300.8,16.2,0.0,274.0,33.6,78.1
2019-08-29,2.7,18.6,19.5,144.9,38.4,9.098,90.4,62.8,88.8
2019-08-30,9.7,21.0,19.8,218.1,31.8,24.301,218.5,61.3,82.2
2019-08-31,3.8,19.1,24.0,253.9,27.1,0.0,248.4,31.5,67.9
2020-06-01,0.8,9.6,24.0,338.7,22.3,0.001,219.2,57.0,73.3
2020-06-02,5.1,8.3,23.1,298.2,24.1,6.973,74.7,72.7,83.8
2020-06-03,8.6,9.9,24.0,192.4,50.9,0.232,267.0,48.1,79.6
2020-06-04,7.4,15.3,24.0,208.4,20.6,0.0,374.9,40.5,73.1
2020-06-05,5.7,19.1,23.7,219.3,25.7,0.007,301.9,43.0,72.0
2020-06-06,2.9,14.3,22.4,37.2,20.5,0.914,99.4,72.0,82.9
2020-06-07,0.0,9.2,23.5,14.0,33.0,5.91,72.7,86.2,82.2
2020-06-08,2.4,8.6,19.5,347.8,20.4,15.985,133.7,51.6,88.3
2020-06-09,8.9,8.8,22.6,50.8,29.0,3.919,224.6,37.4,84.4
2020-06-10,8.2,10.5,24.0,158.4,25.0,0.034,345.6,41.7,61.8
2020-06-11,5.9,13.5,24.0,171.4,44.4,0.004,224.3,80.9,59.7
2020-06-12,2.7,16.7,21.0,186.1,31.3,0.185,49.5,66.7,92.8
2020-06-13,-0.8,15.1,24.0,23.9,20.5,0.0,250.8,80.5,79.5
2020-06-14,1.0,10.2,24.0,32.6,28.9,0.025,123.6,78.5,81.3
2020-06-15,2.3,11.3,24.0,28.3,16.4,0.007,178.9,54.5,70.3
2020-06-16,1.6,16.7,24.0,207.2,16.4,0.011,387.3,62.8,60.7
2020-06-17,1.5,19.8,24.0,219.8,25.8,0.0,379.7,60.5,47.0
2020-06-18,1.5,21.8,24.0,233.5,34.3,0.0,396.5,70.9,52.3
2020-06-19,3.0,23.7,24.0,234.2,24.4,0.0,387.5,9.8,57.3
2020-06-20,7.6,15.2,22.1,359.7,27.2,0.011,292.9,51.5,84.3
2020-06-21,2.9,15.1,24.0,142.4,22.1,0.004,283.5,61.2,83.8
2020-06-22,2.7,19.4,22.1,171.6,22.1,0.0,391.8,32.2,80.7
2020-06-23,6.1,22.6,20.1,188.9,23.6,0.0,395.6,60.4,82.0
2020-06-24,3.6,22.5,23.7,184.9,25.4,0.463,348.5,40.7,79.9
2020-06-25,4.8,22.1,24.0,209.2,25.6,0.0,208.3,47.2,80.4
2020-06-26,4.7,21.3,24.0,192.4,20.1,0.0,326.4,51.1,60.7
2020-06-27,11.2,20.9,24.0,202.7,16.4,0.007,356.7,33.6,71.3
2020-06-28,6.5,19.7,22.0,147.8,27.0,0.348,259.5,59.1,79.1
2020-06-29,2.0,19.9,21.5,116.8,17.9,0.437,256.1,73.3,84.9
2020-06-30,0.3,19.7,20.5,47.6,22.1,0.004,185.9,67.8,89.9
2021-06-01,8.4,14.0,18.4,237.7,25.2,21.64,196.7,91.4,86.5
2021-06-02,5.7,17.9,24.0,243.1,25.6,0.0,390.3,48.4,61.7
2021-06-03,2.7,18.0,24.0,214.8,23.9,0.0,280.4,78.5,63.5
2021-06-04,5.0,17.0,21.2,216.1,25.4,2.591,193.6,96.1,89.6
2021-06-05,9.7,18.4,20.2,220.1,30.0,0.0,303.0,92.5,81.4
2021-06-06,12.7,15.1,24.0,348.4,25.6,0.0,349.6,78.3,72.0
2021-06-07,11.3,21.0,24.0,204.0,31.4,0.0,365.3,69.6,70.1
2021-06-08,7.0,23.1,24.0,249.9,25.4,0.385,370.1,60.6,68.7
2021-06-09,6.3,16.2,23.7,2.0,16.4,3.364,311.1,61.5,74.2
2021-06-10,3.1,9.2,24.0,328.2,40.7,0.0,246.7,63.4,73.3
2021-06-11,3.9,11.2,24.0,228.5,25.6,0.0,335.3,57.4,60.6
2021-06-12,2.7,14.1,24.0,212.0,23.9,0.0,324.8,49.0,64.6
2021-06-13,3.4,12.3,24.0,341.3,24.1,0.0,361.8,35.2,70.3
2021-06-14,1.1,14.7,24.0,161.3,31.2,0.378,318.6,71.3,64.7
2021-06-15,2.4,16.0,18.9,152.2,33.0,29.802,141.0,97.0,87.1
2021-06-16,1.0,16.9,19.7,170.6,29.2,2.659,230.1,91.5,91.8
2021-06-17,2.1,15.7,24.0,235.4,33.3,0.0,323.3,38.0,68.6
2021-06-18,7.4,18.3,25.0,213.5,21.4,0.0,391.6,20.0,61.9
2021-06-19,8.6,17.3,22.1,176.0,31.4,2.163,260.8,64.0,72.1
2021-06-20,10.0,19.3,21.9,234.6,22.3,5.84,382.2,71.8,79.7
2021-06-21,8.7,21.8,24.0,195.3,29.0,0.0,389.3,64.4,68.2
2021-06-24,1.9,17.6,24.0,226.9,20.7,0.0,381.5,27.8,56.0
2021-06-25,1.7,18.0,23.9,186.5,28.9,0.0,355.6,55.4,61.4
2021-06-26,5.7,20.9,24.0,199.4,27.4,0.0,300.1,94.1,83.2
2021-06-27,8.0,21.4,23.1,204.7,38.3,0.0,108.3,96.9,89.1
2021-06-28,8.2,21.5,24.0,258.7,27.3,0.0,237.8,73.3,83.5
2021-06-29,7.5,20.1,17.5,162.0,22.0,15.023,213.1,75.6,93.6
2021-06-30,8.4,19.7,7.3,150.6,16.5,2.079,106.7,96.9,98.0
2021-07-01,3.9,17.4,7.6,339.2,29.2,8.382,115.1,97.7,96.1
2021-07-02,0.8,12.8,12.6,37.7,29.2,1.236,90.7,100.0,93.2
2021-07-03,-1.4,13.1,24.0,47.4,25.9,0.0,142.7,99.5,86.2
2021-07-04,25.7,11.7,15.0,32.5,38.5,21.242,45.6,99.5,92.0
2021-07-05,23.8,14.0,19.6,323.9,20.4,5.613,272.7,81.8,82.7
2021-07-06,11.5,18.6,23.7,213.4,29.3,0.0,298.5,50.2,79.8
2021-07-07,15.8,19.3,21.9,264.2,25.0,0.0,291.0,93.9,77.9
2021-07-08,7.4,15.0,24.0,2.3,16.5,0.0,323.3,59.8,71.0
2021-07-09,1.0,17.6,17.5,153.0,29.3,18.821,94.6,97.9,91.6
2021-07-10,5.7,17.7,19.1,188.1,42.0,2.077,162.6,87.6,85.6
2021-07-11,5.1,18.2,24.0,180.5,16.2,0.0,363.4,73.8,77.7
2021-07-12,7.5,17.5,23.5,328.6,20.0,0.0,341.8,73.7,70.7
2021-07-13,4.3,17.2,24.0,155.3,16.0,0.0,379.4,45.1,67.8
2021-07-14,7.7,19.2,24.0,188.8,25.6,0.0,282.9,79.6,64.4
2021-07-15,7.7,19.7,22.8,176.2,23.9,18.841,144.3,96.6,87.7
2021-07-16,14.1,22.8,23.8,184.8,34.7,0.0,332.2,93.0,85.7
2021-07-17,14.0,21.0,23.7,225.2,16.3,0.0,296.2,85.4,70.1
2021-07-18,0.0,21.9,24.0,206.8,13.2,0.0,278.9,83.1,71.2
2021-07-19,3.2,21.0,24.0,172.5,16.1,0.0,187.7,95.9,86.3
2021-07-20,53.8,21.0,20.5,237.4,22.2,0.89,189.7,97.9,89.5
2021-07-21,23.1,17.5,11.3,34.3,21.9,4.831,95.9,100.0,97.1
2021-07-22,3.6,15.7,11.9,7.1,22.5,30.468,64.0,97.0,97.2
2021-07-23,6.3,16.4,24.0,317.0,19.2,0.968,270.5,78.6,82.9
2021-07-24,5.9,17.0,23.6,96.1,12.5,0.681,256.8,78.5,84.8
2021-07-25,9.9,18.9,24.0,183.8,18.0,0.0,359.9,29.2,76.1
2021-07-26,23.4,18.8,22.4,177.1,20.0,0.22,107.5,92.6,89.2
2021-07-27,22.9,21.0,15.3,212.2,20.5,0.001,221.6,85.8,85.9
2021-07-28,10.3,17.9,24.0,323.3,16.3,0.002,305.7,78.8,79.1
2021-07-29,8.0,18.0,24.0,240.5,20.4,0.748,350.0,50.1,65.0
2021-07-30,3.9,16.2,18.8,162.6,27.5,10.954,71.2,98.5,86.5
2021-07-31,2.2,16.4,23.3,247.8,30.5,1.129,248.9,76.0,83.8
2021-08-01,2.4,18.3,24.0,228.9,23.8,0.0,351.8,25.2,68.9
2021-08-02,2.2,16.4,20.4,198.4,20.0,0.873,136.4,68.9,79.4
2021-08-03,4.0,18.0,24.0,232.0,26.8,5.754,347.3,48.8,75.1
2021-08-04,6.2,19.3,24.0,221.5,19.0,0.0,325.8,80.3,74.5
2021-08-05,4.4,19.5,21.9,171.4,30.7,8.433,116.0,90.1,89.9
2021-08-06,10.1,22.5,23.5,199.7,29.3,2.504,221.7,91.7,89.4
2021-08-07,6.5,21.9,23.8,217.4,23.9,0.0,313.1,74.8,79.6
2021-08-08,4.9,18.5,24.0,348.3,24.0,0.0,223.8,77.1,84.3
2021-08-09,4.3,16.0,24.0,115.6,15.7,0.0,267.0,66.6,82.9
2021-08-10,5.4,20.1,24.0,187.1,20.3,0.0,315.8,47.1,84.2
2021-08-11,10.2,22.3,22.4,181.0,18.2,0.001,254.8,58.4,86.3
2021-08-12,9.4,22.8,22.7,170.3,23.5,0.0,226.5,80.5,90.5
2021-08-13,7.9,24.8,20.0,204.3,20.1,0.0,326.5,72.0,86.3
2021-08-14,5.7,25.5,24.0,184.5,20.4,0.0,327.0,17.5,81.7
2021-08-15,3.4,21.8,24.0,288.2,18.0,1.718,311.5,58.2,85.1
2021-08-16,4.2,18.9,24.0,317.7,18.0,0.0,310.1,44.9,68.6
2021-08-17,2.5,20.9,24.0,228.2,25.5,0.0,314.5,48.2,68.4
2021-08-18,2.7,20.4,24.0,220.7,20.5,0.0,189.9,72.5,81.4
2021-08-19,0.9,21.9,24.0,226.3,18.0,0.0,206.7,83.3,86.3
2021-08-20,3.5,22.1,23.6,248.0,24.6,0.0,216.0,76.8,87.7
2021-08-21,5.8,19.4,24.0,9.0,20.5,0.0,287.4,72.9,79.2
2021-08-22,2.3,18.4,24.0,140.2,10.8,0.0,284.6,49.3,81.2
2021-08-23,4.6,20.9,24.0,168.7,23.9,0.0,268.0,79.8,77.7
2021-08-24,8.6,22.4,22.3,192.9,32.9,0.037,229.5,87.9,88.3
2021-08-25,13.5,22.9,22.7,319.1,16.6,0.0,271.1,59.0,84.7
2021-08-26,20.6,23.0,15.3,180.3,20.3,0.0,285.1,68.7,81.5
2021-08-27,14.2,20.2,22.6,298.9,27.5,6.111,232.2,77.3,75.0
2021-08-28,3.3,16.8,24.0,343.4,27.5,0.0,266.3,68.1,59.6
2021-08-29,2.5,17.2,24.0,275.5,14.5,0.0,282.3,68.9,64.4
2021-08-30,7.0,17.0,18.1,183.7,24.1,1.897,61.2,91.9,83.0
2021-08-31,6.5,21.6,20.6,227.1,20.3,0.0,226.8,83.4,81.9
2022-06-01,2.0,8.2,24.0,340.7,27.8,0.0,210.2,77.9,69.3
2022-06-02,4.2,8.9,24.0,333.7,29.3,0.0,391.8,50.3,72.3
2022-06-03,3.1,8.9,24.0,36.8,22.7,0.0,268.7,75.4,79.8
2022-06-04,5.5,8.4,24.0,31.7,19.7,0.061,250.4,79.0,80.2
2022-06-05,1.0,10.4,21.8,118.8,16.3,11.993,134.3,97.1,90.7
2022-06-06,4.6,10.6,23.2,8.2,19.8,0.913,260.1,90.7,82.4
2022-06-07,2.0,11.9,24.0,340.1,20.3,0.0,380.0,40.5,74.7
2022-06-08,4.4,13.3,22.8,154.0,28.9,0.244,113.5,92.2,81.7
2022-06-09,0.6,15.9,17.7,153.2,27.9,23.16,182.3,100.0,92.8
2022-06-10,2.5,17.8,23.4,204.5,38.4,0.893,383.9,60.4,75.3
2022-06-11,5.4,18.4,24.0,229.8,24.9,0.0,381.2,57.5,66.8
2022-06-12,4.0,18.9,24.0,207.5,14.8,0.0,362.3,80.8,70.9
2022-06-13,7.7,16.1,22.4,159.3,17.0,2.461,90.9,95.3,86.6
2022-06-14,2.9,13.1,11.2,36.2,30.3,30.556,72.4,100.0,98.0
2022-06-15,3.3,14.6,23.7,18.8,24.1,0.964,373.5,47.7,75.3
2022-06-16,0.4,18.8,24.0,237.7,22.4,0.0,393.3,43.2,58.9
2022-06-17,5.6,15.3,24.0,176.5,37.0,2.853,79.0,94.0,80.6
2022-06-18,0.9,17.4,17.8,181.5,28.6,15.951,286.5,86.2,86.6
2022-06-19,1.0,17.0,21.7,174.8,21.5,0.0,330.5,74.0,76.6
2022-06-20,6.3,13.2,13.8,350.2,20.2,2.633,130.0,97.1,92.0
2022-06-21,12.1,11.9,15.6,357.9,17.0,0.976,182.0,95.5,90.5
2022-06-22,4.5,15.0,24.0,174.9,29.0,0.0,356.3,56.8,78.5
2022-06-23,2.9,17.3,24.0,186.0,18.3,0.0,389.9,44.4,69.4
2022-06-24,6.5,18.4,11.5,156.9,23.7,30.878,95.3,99.1,95.9
2022-06-25,9.1,19.9,13.8,49.8,14.7,0.938,266.0,76.4,87.9
2022-06-26,5.9,19.8,12.8,133.7,25.6,0.0,330.8,51.2,86.3
2022-06-29,5.7,19.7,23.5,230.3,16.1,1.012,401.6,55.7,62.9
2022-06-30,8.3,18.9,24.0,239.1,20.3,0.0,279.4,48.1,75.3
2022-07-01,10.4,19.1,22.0,224.4,29.8,0.082,333.0,79.8,76.2
2022-07-02,6.8,19.5,21.8,211.4,25.3,10.347,122.3,93.5,86.6
2022-07-03,4.7,19.4,22.5,237.0,34.8,0.001,290.8,71.5,76.1
2022-07-04,14.2,17.9,24.0,268.3,28.9,0.0,318.5,44.8,62.6
2022-07-05,9.1,18.3,24.0,243.9,23.0,0.034,357.1,49.8,63.1
2022-07-09,4.1,16.5,24.0,304.2,20.5,0.0,356.5,47.9,69.8
2022-07-10,2.3,17.3,23.7,268.7,17.8,0.0,366.0,32.5,61.5
2022-07-11,1.6,19.2,24.0,214.3,29.2,0.0,375.0,73.6,62.7
2022-07-12,6.3,19.6,24.0,180.0,37.0,0.034,330.1,84.9,65.6
2022-07-13,5.5,21.4,24.0,210.5,36.1,0.007,361.8,66.1,74.0
2022-07-14,4.4,18.3,24.0,39.9,20.4,0.037,336.9,67.3,69.2
2022-07-15,4.4,17.1,19.8,349.6,18.1,13.195,183.7,81.0,85.8
2022-07-16,5.6,20.3,24.0,238.0,20.4,6.405,345.5,51.7,69.2
2022-07-17,6.6,20.8,24.0,220.6,31.1,0.0,305.5,68.9,69.8
2022-07-18,6.7,22.0,24.0,232.1,30.2,0.034,380.0,71.9,76.0
2022-07-19,7.2,20.8,17.0,188.0,32.8,30.897,167.0,90.7,91.7
2022-07-20,12.9,20.6,24.0,272.7,33.2,0.0,340.3,45.2,71.8
2022-07-21,10.9,23.0,24.0,187.4,21.9,0.0,361.1,41.0,62.3
2022-07-22,10.4,23.9,22.5,196.7,25.7,0.0,256.7,71.3,80.7
2022-07-23,13.5,24.5,24.0,227.6,20.4,0.014,358.8,29.5,67.5
2022-07-24,13.1,24.9,24.0,219.8,21.7,0.0,314.8,60.1,67.7
2022-07-25,9.0,24.3,24.0,198.1,31.2,0.0,228.7,82.1,75.5
2022-07-26,1.1,22.5,24.0,232.8,28.9,0.172,357.1,57.9,70.1
2022-07-27,4.2,20.8,24.0,250.8,20.0,0.034,312.5,55.4,70.6
2022-07-28,7.6,20.3,24.0,63.4,14.4,0.0,355.4,38.9,78.1
2022-07-29,8.0,19.9,21.9,169.7,29.9,6.467,59.7,90.9,87.1
2022-07-30,2.1,20.8,24.0,230.2,28.8,0.385,288.8,61.3,76.7
2022-07-31,2.5,21.2,24.0,252.7,19.8,0.0,390.9,35.7,71.6
2022-08-01,6.1,21.5,24.0,203.9,21.4,0.0,220.4,73.1,75.1
2022-08-02,8.2,21.1,24.0,173.8,26.8,0.934,155.2,74.8,85.8
2022-08-03,4.7,20.5,24.0,294.1,20.0,0.0,235.1,75.4,85.3
2022-08-04,10.2,22.8,23.0,205.4,23.6,0.136,347.5,62.8,72.6
2022-08-05,8.4,22.9,23.8,232.6,21.9,0.0,261.2,73.5,81.2
2022-08-06,4.8,22.3,23.2,152.9,14.4,0.072,330.8,70.8,74.7
2022-08-07,3.7,24.8,23.8,223.7,33.0,0.0,340.0,72.8,78.2
2022-08-08,5.9,18.3,20.9,2.8,19.9,4.526,150.1,95.1,78.2
2022-08-09,6.6,16.0,13.4,35.8,33.1,43.029,98.7,95.0,93.9
2022-08-10,2.1,18.1,23.5,42.5,12.8,2.346,188.1,79.3,86.0
2022-08-11,5.3,19.8,20.5,168.8,18.0,2.277,260.1,89.7,85.0
2022-08-12,0.8,20.4,24.0,167.3,16.2,0.0,208.4,93.9,81.2
2022-08-13,0.7,19.6,24.0,26.5,23.0,0.0,236.0,88.9,86.9
2022-08-14,2.5,19.0,19.1,357.1,31.1,2.763,89.7,98.5,93.1
2022-08-15,3.0,19.4,24.0,272.7,13.9,0.684,358.3,46.3,78.8
2022-08-16,3.2,19.6,24.1,47.6,18.4,0.0,285.9,70.8,80.0
2022-08-17,3.9,18.6,20.1,63.8,29.8,13.131,72.1,95.0,89.7
2022-08-18,7.3,20.5,23.3,154.7,33.4,0.0,259.5,68.1,81.7
2022-08-19,8.6,19.4,20.9,221.0,25.6,1.89,233.1,86.9,84.2
2022-08-20,10.0,22.0,24.0,272.2,14.6,0.0,313.8,29.6,75.1
2022-08-21,4.8,23.2,24.0,174.3,22.9,0.102,316.9,12.2,74.5
2022-08-22,5.1,22.3,24.0,181.4,23.6,0.034,290.1,77.9,74.1
2022-08-23,6.3,19.3,20.4,125.6,20.4,2.385,89.9,99.0,92.2
2022-08-24,3.1,19.9,22.6,247.6,22.2,1.058,212.3,93.5,91.7
2022-08-25,4.7,20.1,22.7,269.1,18.0,0.0,238.1,77.2,86.8
2022-08-26,11.7,18.5,24.0,170.6,25.4,0.035,198.1,71.7,81.6
2022-08-27,9.7,18.0,22.2,320.3,28.3,0.817,153.6,78.6,84.7
2022-08-28,5.9,17.6,24.0,228.2,16.4,0.0,266.5,30.4,75.7
2022-08-29,5.1,20.2,24.0,216.9,23.9,0.0,249.6,66.5,76.0
2022-08-30,1.9,22.5,23.2,207.4,28.9,0.0,272.4,74.9,82.6
2022-08-31,2.5,22.7,23.7,164.3,34.9,0.207,178.5,73.2,81.3
2023-06-01,11.8,20.7,23.2,234.9,22.1,0.0,231.8,78.7,61.2
2023-06-02,11.5,9.4,13.1,9.4,32.5,1.283,77.0,88.8,90.3
2023-06-03,8.0,6.1,8.8,31.0,39.5,18.089,55.2,100.0,95.7
2023-06-04,1.6,8.4,19.5,31.6,31.2,0.007,134.8,98.9,91.4
2023-06-05,7.8,9.2,20.0,41.2,29.3,6.688,61.2,100.0,93.9
2023-06-06,68.0,10.1,10.1,69.6,33.5,41.722,87.3,99.5,94.7
2023-06-07,129.3,11.6,16.9,137.8,23.1,2.881,163.9,96.6,87.6
2023-06-08,59.6,12.1,24.0,122.7,16.0,0.034,175.8,95.1,82.7
2023-06-09,4.2,9.5,14.3,353.9,16.6,0.0,210.2,96.5,93.1
2023-06-10,9.3,8.3,14.6,321.9,18.1,0.0,70.6,100.0,94.2
2023-06-11,24.0,13.8,22.3,311.1,20.0,1.07,155.3,80.9,79.2
2023-06-12,18.5,18.9,22.1,288.5,16.4,0.0,264.1,23.7,63.9
2023-06-13,4.2,19.2,19.5,128.3,16.9,1.116,234.1,37.3,67.8
2023-06-14,5.7,15.5,18.7,134.8,25.3,11.711,88.3,90.8,86.5
2023-06-15,5.8,15.7,17.6,161.4,25.4,1.766,160.5,96.1,88.7
2023-06-16,8.9,15.2,19.1,9.7,12.8,0.034,206.9,84.0,88.5
2023-06-17,20.7,12.0,21.7,27.6,28.9,0.382,210.5,93.7,89.7
2023-06-18,9.0,12.0,17.1,83.8,27.2,17.182,45.7,98.4,92.6
2023-06-19,6.0,9.4,11.4,2.3,33.0,0.036,114.5,100.0,93.1
2023-06-20,2.4,10.5,22.3,353.2,27.5,0.001,193.6,75.8,73.9
2023-06-21,0.2,16.2,24.0,225.5,17.9,0.061,268.5,29.1,63.2
2023-06-22,1.9,20.6,24.0,244.2,25.4,0.0,269.9,53.2,57.0
2023-06-23,2.2,19.8,24.0,225.4,27.1,0.0,268.1,35.6,52.8
2023-06-24,2.9,21.3,24.0,220.1,29.3,0.0,244.4,89.3,70.4
2023-06-25,6.7,17.9,12.9,240.4,25.9,2.883,100.2,96.5,93.8
2023-06-26,6.6,14.1,16.8,73.4,25.3,0.477,100.5,95.0,88.7
2023-06-27,5.3,17.8,22.5,151.9,36.7,0.001,187.2,93.8,87.0
2023-06-28,8.2,20.9,21.1,163.1,38.2,8.737,146.1,87.6,91.1
2023-06-29,27.9,21.0,24.0,167.1,31.3,0.002,162.3,91.7,88.5
2023-06-30,53.0,20.5,19.8,172.0,23.8,8.878,112.2,91.7,89.8
2023-07-01,25.7,21.9,22.7,171.8,29.6,0.859,233.7,89.1,84.2
2023-07-02,17.7,21.1,24.0,176.8,27.4,0.122,196.3,88.6,86.6
2023-07-03,6.8,19.8,9.2,164.4,35.0,53.511,45.4,99.5,96.3
2023-07-04,74.9,18.3,12.5,353.0,14.8,9.364,133.8,96.1,94.8
2023-07-05,31.5,18.5,23.6,356.3,12.5,0.041,127.2,86.6,90.8
2023-07-06,7.6,19.5,24.0,12.2,11.3,0.0,248.4,53.4,85.2
2023-07-07,6.3,21.9,21.8,215.2,21.9,5.831,214.0,72.4,83.2
2023-07-08,6.9,22.1,23.3,219.2,18.5,0.0,242.2,81.6,80.0
2023-07-09,3.0,22.8,24.0,167.6,16.3,0.075,261.1,77.6,81.4
2023-07-10,0.9,21.2,23.4,115.5,27.2,0.0,187.4,76.6,84.5
2023-07-11,9.9,18.7,19.9,116.1,31.7,7.543,114.2,99.2,89.7
2023-07-12,14.4,21.5,17.3,168.3,14.8,0.874,222.8,75.7,87.1
2023-07-13,13.8,23.0,21.8,137.4,20.3,0.0,257.2,30.9,81.5
2023-07-14,8.1,23.1,20.8,168.1,14.6,0.061,252.8,56.4,75.9
2023-07-15,11.1,23.1,24.0,175.6,25.5,0.006,163.0,86.8,82.5
2023-07-18,15.8,24.6,18.5,200.7,23.6,0.859,211.0,98.2,83.6
2023-07-19,30.9,23.0,20.4,182.6,26.9,3.46,89.8,97.2,92.2
2023-07-20,17.7,22.5,21.8,331.6,16.0,0.959,243.7,91.5,77.6
2023-07-21,7.8,20.6,19.1,155.7,28.2,3.176,150.4,80.7,88.3
2023-07-22,2.6,20.3,20.3,137.3,39.7,36.455,94.6,93.5,92.6
2023-07-23,7.9,23.6,22.7,183.8,16.3,1.718,197.6,87.1,84.7
2023-07-24,8.0,23.8,24.0,245.7,16.8,0.0,248.8,47.9,73.2
2023-07-25,7.3,23.6,24.0,222.6,25.9,0.0,242.8,29.1,66.8
2023-07-26,12.5,22.1,23.3,218.8,24.4,0.895,194.0,68.1,77.0
2023-07-27,13.3,22.1,17.3,221.4,24.0,0.188,134.0,94.5,82.6
2023-07-28,9.4,21.8,13.8,244.7,18.0,17.408,222.2,83.6,83.4
2023-07-29,4.2,21.1,22.0,265.2,23.5,0.897,234.0,92.1,77.3
2023-07-30,0.0,19.0,24.0,329.9,23.9,2.908,199.0,65.7,80.4
2023-07-31,3.7,19.4,24.0,200.7,14.6,0.001,239.0,60.8,71.7
2023-08-01,2.1,18.9,24.0,259.3,15.0,0.0,229.7,58.0,67.2
2023-08-02,1.8,18.5,24.0,262.5,15.0,0.034,237.7,26.6,62.7
2023-08-03,1.6,19.6,24.0,197.2,20.6,0.0,235.9,37.8,64.1
2023-08-04,10.9,18.9,24.0,170.8,27.5,0.0,221.1,60.9,68.3
2023-08-05,13.7,18.3,19.1,146.1,38.6,26.099,47.2,92.8,89.9
2023-08-06,14.4,18.3,22.7,247.3,18.1,2.698,198.7,79.4,87.1
2023-08-07,7.9,16.8,22.5,337.5,24.3,0.119,181.3,72.6,85.9
2023-08-08,2.0,18.6,23.5,123.4,23.9,0.994,170.9,89.6,82.1
2023-08-09,8.9,18.9,14.5,128.6,35.3,24.493,52.7,99.0,93.1
2023-08-10,10.6,17.4,22.3,283.1,25.6,1.065,121.1,95.4,87.1
2023-08-11,11.7,16.5,12.0,139.6,27.7,19.523,50.4,97.3,96.1
2023-08-12,9.7,18.1,24.0,265.5,23.2,0.015,102.7,82.8,80.6
2023-08-13,3.8,19.4,24.0,182.4,17.8,0.004,145.9,72.6,80.9
2023-08-14,6.2,20.0,20.8,235.1,18.2,0.984,153.7,91.1,89.4
2023-08-15,6.2,17.3,19.3,28.0,18.2,0.0,110.7,96.8,87.6
2023-08-16,2.7,16.6,24.0,56.7,15.8,0.0,102.0,95.5,85.7
2023-08-17,2.8,18.7,23.7,152.7,18.0,0.0,211.0,63.1,82.1
2023-08-18,4.4,19.6,19.2,130.3,23.9,7.388,62.6,97.4,93.7
2023-08-19,7.7,22.1,22.2,187.3,29.4,6.116,187.6,84.6,80.8
2023-08-20,11.8,18.6,23.8,207.0,27.1,0.041,161.0,69.7,81.6
2023-08-21,17.7,17.9,19.2,227.6,23.4,0.312,45.8,75.8,87.8
2023-08-22,5.9,16.0,24.3,337.9,22.7,0.034,187.0,45.0,77.4
2023-08-23,2.9,15.3,24.0,271.6,19.3,0.182,188.0,35.9,72.6
2023-08-24,2.9,16.3,24.0,338.6,16.8,0.034,143.2,17.6,71.6
2023-08-25,4.6,17.6,24.0,160.4,18.3,0.002,99.1,83.5,79.8
2023-08-26,7.9,18.1,16.8,163.9,36.7,29.779,31.4,99.7,92.2
2023-08-27,5.3,17.4,18.8,335.0,18.7,2.302,99.7,89.5,91.4
2023-08-28,4.0,17.9,24.0,257.1,20.1,0.0,185.8,38.3,71.6
2023-08-29,2.2,18.8,24.0,184.5,25.0,0.0,143.3,63.3,78.8
2023-08-30,3.1,19.9,15.2,163.2,28.9,19.089,73.2,87.4,94.5
2023-08-31,2.0,14.8,18.4,305.9,21.7,3.874,97.3,82.5,87.5
